-G,N,+G,+G +S,+G +S + ivs,+B -G,+B,+B +G,+B +G +S,+B +G +S +ivs,-F -G,-F,-F +G,-F +G +S,-F +G +S +ivs,-F +B -G,-F +B,-F +B +G,-G +B +G +S,-F +B +G +S +ivs
70.20404,100,133.4204,160.0049,236.3024,62.5047,75.64502,117.8083,105.3691,210.1447,84.77568,89.43388,186.8208,150.4983,248.9343,70.93282,94.61245,134.819,125.0536,147.4294
65.91977,100,139.174,208.8926,193.7282,68.07973,144.6324,140.5126,144.5224,158.5006,89.47736,100.1454,160.7859,171.4521,205.8291,68.05104,112.1447,126.0749,152.4189,180.8096
58.33716,100,108.5302,119.7552,141.2849,59.25336,69.57222,91.79865,124.2281,122.7155,93.76017,95.28731,144.6858,142.0612,135.6535,82.31854,99.76239,109.8333,178.8006,140.7957
72.07599,100,155.7711,175.9521,252.2438,85.23368,100.2506,138.1137,162.261,160.3495,99.46343,105.7695,152.834,166.2986,181.551,81.6399,117.2601,105.9685,167.5975,159.9256